variable,mean_abs_revenue_pct,max_abs_revenue_pct,mean_abs_retention_point,max_abs_retention_point,combined_priority_score
active_days,0.028718226085548908,0.0288364812492757,0.0018755022838795876,0.001879729873985353,0.924695904229682
stagnation_rate,0.011574074453015778,0.013809656079432167,0.0015052171651086382,0.0017055713129013605,0.5223808051778646
retention30,0.0,0.0,0.0022524292852383887,0.002255414574625386,0.45000000000000007
ode_drift,0.005894853067543858,0.005894853067544065,0.0,0.0,0.11289587238052251
paid_rate,0.005339859584642618,0.010455153802146776,8.183140425832569e-06,8.18421779374967e-06,0.10390172173428608
ode_energy,0.0,0.0,0.000319613745700123,0.0003234636554398096,0.06385380731268256
arpu,0.002733674090212292,0.0027336741099714137,4.823750593407894e-09,4.823752397520309e-09,0.05235519844326504
avg_diamond,0.0,0.0,0.0,0.0,0.0
avg_power,0.0,0.0,0.0,0.0,0.0
resource_gap,0.0,0.0,0.0,0.0,0.0
unique_campaigns,0.0,0.0,0.0,0.0,0.0
unique_sessions,0.0,0.0,0.0,0.0,0.0
