dataset,diamond_threshold,low_group_share,stagnation_low,stagnation_high,risk_lift,next_inactive_low,next_inactive_high,churn_risk_lift,avg_scarcity_low,avg_scarcity_high
test,300.0,0.2842505854800937,0.446961894953656,0.4732106339468303,-0.02624873899317426,0.8455200823892894,0.3881390593047035,0.45738102308458595,-10.18967885140574,-2.5955824415215143
test,400.0,0.30327868852459017,0.444980694980695,0.47478991596638653,-0.029809220985691554,0.8262548262548263,0.3840336134453782,0.4422212128094481,-9.81021650884781,-2.553358374398633
test,3417.0,0.8501170960187353,0.4273415977961432,0.68359375,-0.2562521522038568,0.5829889807162535,0.150390625,0.4325983557162535,-5.338951729934365,-1.4376199423939044
test,5592.0,0.900175644028103,0.44,0.6979472140762464,-0.2579472140762464,0.5609756097560976,0.13196480938416422,0.4290108003719334,-5.1500779740835245,-1.1844207153320678
test,585.0,0.3515807962529274,0.4321398834304746,0.48397291196388265,-0.05183302853340804,0.7935054121565362,0.3688487584650113,0.42465665369152494,-8.862046750651375,-2.526888978195383
test,9811.75,0.9499414519906323,0.4530046224961479,0.7076023391812866,-0.25459771668513864,0.5389830508474577,0.12280701754385964,0.41617603330359804,-4.984350458927012,-0.3869005556545159
test,2280.0,0.8000585480093677,0.42188071716062936,0.6412884333821376,-0.21940771622150823,0.6008049762166118,0.18740849194729137,0.4133964842693204,-5.561921249630797,-1.522176367487711
test,1120.0,0.6001170960187353,0.40487804878048783,0.5571010248901903,-0.15222297610970248,0.6819512195121952,0.27232796486090777,0.4096232546512874,-6.466699554956084,-2.1842189945644974
test,1350.0,0.6531030444964872,0.40744060959211115,0.5755274261603376,-0.16808681656822644,0.6588973554459884,0.25316455696202533,0.40573279848396304,-6.2252670191435255,-1.9846468477011558
test,100.0,0.10743559718969554,0.9809264305177112,0.40373893079698264,0.5771874997207286,0.8801089918256131,0.4745818301082322,0.4055271617173809,-10.279842371405943,-4.089103012111871
test,1000.0,0.5532786885245902,0.4021164021164021,0.5445609436435125,-0.1424445415271104,0.6968253968253968,0.29685452162516385,0.39997087520023294,-6.759251152443908,-2.270899446996127
test,700.0,0.4022248243559719,0.413391557496361,0.5009794319294809,-0.08758787443311994,0.7569141193595342,0.3574926542605289,0.39942146509900534,-8.211769539008174,-2.427720806874556
test,1531.0,0.7008196721311475,0.41311612364243944,0.589041095890411,-0.17592497224797154,0.6374269005847953,0.23874755381604695,0.3986793467687484,-5.993017474113621,-1.8523418798503577
test,1815.0,0.7517564402810304,0.4205607476635514,0.6025943396226415,-0.18203359195909014,0.6164330218068536,0.2205188679245283,0.39591415388232526,-5.700286675461332,-1.8891993533612903
test,897.0,0.5002927400468384,0.4095962551199532,0.5219683655536028,-0.11237211043364964,0.7121123464014043,0.3239601640304628,0.3881521823709415,-7.135630247228559,-2.3699971539082996
test,800.0,0.4581381733021077,0.40894568690095845,0.513776337115073,-0.10483065021411453,0.7277955271565495,0.3408968125337655,0.38689871462278397,-7.498818369763606,-2.4336717912236807
train,6456.0999999999885,0.9499924230944082,0.44313287605678736,0.7181818181818181,-0.2750489421250308,0.5646833625777636,0.10909090909090909,0.45559245348685457,-5.062719274839155,-1.333647317575366
train,4092.0,0.9010456129716624,0.429364278506559,0.7075038284839203,-0.27813954997736134,0.5847628657921292,0.15160796324655437,0.43315490254557487,-5.224651124642936,-1.703698563000983
train,2755.0,0.8510380360660706,0.42254273504273504,0.6531027466937945,-0.2305600116510595,0.6041666666666666,0.1861648016276704,0.4180018650389962,-5.335274482986169,-2.2537021895383624
train,2200.0,0.8008789210486438,0.41759697256385997,0.6149162861491628,-0.19731931358530286,0.6183538315988647,0.2343987823439878,0.3839550492548769,-5.525804561193649,-2.2636329093288468
train,300.0,0.30489468101227457,0.46520874751491054,0.45323741007194246,0.011971337442968077,0.8031809145129225,0.42729452801395246,0.37588638649897005,-9.72296593760339,-2.7503124661671063
train,1704.0,0.750871344143052,0.41614530776992936,0.579683698296837,-0.1635383905269076,0.6330978809283552,0.2670316301703163,0.3660662507580389,-5.67601976538697,-2.4657012234027356
train,1030.0,0.6010001515381118,0.40242057488653554,0.5389289783516901,-0.13650840346515453,0.6848209783156833,0.3266236232434485,0.3581973550722348,-6.509549492298046,-2.4160339773309847
train,929.7999999999993,0.5499318078496742,0.40038578120694407,0.5259259259259259,-0.12554014471898184,0.7026729126481124,0.34545454545454546,0.3572183671935669,-6.853369730951855,-2.4604080791724776
train,1450.0,0.7004091529019548,0.4108610990913025,0.5644916540212443,-0.15363055492994188,0.6477715274772826,0.2943854324734446,0.353386095003838,-5.9321622610873295,-2.4076058563585714
train,600.0,0.4080921351719958,0.4181210545859636,0.4836149513568868,-0.06549389677092321,0.7508354994430003,0.3978494623655914,0.35298603707740894,-8.319532799057848,-2.502250107758256
train,100.0,0.11804818911956357,0.9499358151476252,0.390893470790378,0.5590423443572472,0.8523748395378691,0.5003436426116838,0.35203119692618523,-9.332497376448153,-4.279772387029799
train,500.0,0.35656917714805275,0.44283892902677435,0.46467263306641543,-0.021833704039641078,0.7679558011049724,0.4166274140367405,0.35132838706823194,-8.976763639653528,-2.6038544287945786
train,1182.0,0.6500984997726929,0.41072261072261074,0.5426591598094413,-0.1319365490868306,0.6648018648018648,0.31355565179731487,0.3512462130045499,-6.171124115781379,-2.4704063629555737
train,750.0,0.4511289589331717,0.4131676184077931,0.4928216454997239,-0.07965402709193081,0.7339603627813235,0.38404196576477084,0.34991839701655264,-7.7531718703653985,-2.5116228853364833
train,826.0,0.5017426882861039,0.4080338266384778,0.5060827250608273,-0.09804889842234948,0.7157958320749018,0.36678832116788324,0.3490075109070186,-7.237695613769729,-2.4982605144692713
train,200.0,0.1532050310653129,0.8318496538081108,0.3890479599141016,0.4428016938940092,0.8249258160237388,0.4906943450250537,0.3342314709986851,-9.461113060538645,-4.046726099599493
train,67.0,0.05076526746476739,0.8925373134328358,0.4335887611749681,0.45894855225786774,0.835820895522388,0.5261813537675607,0.30963954175482733,-4.2640593541491745,-4.9089768303203325
