dataset,group_type,group,n,avg_retention,avg_total_pay
train,first_pay_day,D1,41,22.195121951219512,22.644146341463415
train,first_pay_day,D2-D3,23,22.347826086956523,1.379130434782608
train,first_pay_day,D4-D7,6,25.833333333333332,1.32
train,first_pay_day,D8-D14,3,24.333333333333332,0.9899999999999999
train,first_pay_day,D15-D30,1,30.0,0.99
train,first_pay_day,after/unknown,0,,
train,first_pay_amount_q,Q1,19,22.42105263157895,1.1473684210526311
train,first_pay_amount_q,Q2,18,20.38888888888889,1.0999999999999999
train,first_pay_amount_q,Q3,18,24.38888888888889,1.0449999999999997
train,first_pay_amount_q,Q4,19,23.68421052631579,47.97894736842105
train,first_pay_level,0-5,34,18.705882352941178,2.427941176470588
train,first_pay_level,6-10,35,25.8,19.13657142857143
train,first_pay_level,11-15,5,28.6,43.93600000000001
train,first_pay_level,16-20,0,,
train,first_pay_level,21+,0,,
test,first_pay_day,D1,25,23.28,8.5312
test,first_pay_day,D2-D3,6,17.5,12.965000000000002
test,first_pay_day,D4-D7,3,28.333333333333332,1.6499999999999997
test,first_pay_day,D8-D14,2,23.0,2.485
test,first_pay_day,D15-D30,0,,
test,first_pay_day,after/unknown,0,,
test,first_pay_amount_q,Q1,9,19.77777777777778,1.651111111111111
test,first_pay_amount_q,Q2,9,22.444444444444443,0.99
test,first_pay_amount_q,Q3,9,22.666666666666668,3.7588888888888885
test,first_pay_amount_q,Q4,9,26.0,27.043333333333337
test,first_pay_level,0-5,16,21.0625,2.7337499999999997
test,first_pay_level,6-10,16,23.375,11.46375
test,first_pay_level,11-15,4,26.75,18.4575
test,first_pay_level,16-20,0,,
test,first_pay_level,21+,0,,
