level_prev,n,avg_gain,stagnation_rate,avg_scarcity,basic_pressure,coin_pressure,gem_pressure,avg_diamond,z_stagnation_rate,z_avg_scarcity,z_basic_pressure,z_coin_pressure,z_gem_pressure,z_avg_gain,card_score
19.0,26,0.07692307692307693,0.9230769230769231,0.6079077173851087,-0.05778955940186998,-0.003679091216658488,0.6429266679836539,20382.26923076923,0.8066986565919362,1.3862616228985825,0.5253234995278885,0.9884417007399335,1.8653969635755305,-0.4916082201090667,2.6845684995995853
14.0,73,0.0821917808219178,0.9178082191780822,-0.5428523364036096,-0.26604813317642145,0.38160443403221095,-0.47500920655770834,9968.068493150686,0.781548317014971,0.886139659140781,0.3416903179476736,1.5836250060532038,0.6263651731338113,-0.48557186132056634,2.1532598374763183
16.0,29,0.1724137931034483,0.8275862068965517,0.12433831302366227,-0.1465875967651191,-0.012317298649525726,-0.29237603348117647,29252.0,0.3508704330866663,1.1761016687654857,0.4470253251788005,0.9750974580849833,0.8287813515428846,-0.3822044208250744,1.9091765226772264
15.0,40,0.15,0.85,-0.9089043467597324,-0.09194058782149081,-0.005809431751850003,-0.9012250489614496,11819.6,0.4578634466594309,0.7270529323691484,0.4952106360367546,0.9851507655244733,0.1539812105520699,-0.407883923712567,1.5928003027411464
12.0,254,0.08267716535433071,0.9173228346456693,-1.8967338031968846,-0.5646571700251318,-0.48096706172216036,-0.4774140838455824,5541.2322834645665,0.779231317227172,0.2977408390403893,0.07839010182071145,0.25113056944192896,0.6236997971675827,-0.4850157558258777,1.5619879120934388
13.0,111,0.16216216216216217,0.8468468468468469,-0.9906534070113222,-0.0538664883918124,0.1773920655091277,-0.8586971721959444,6673.369369369369,0.44281176145134293,0.6915246739682999,0.528782689697518,1.2681591620233803,0.20111574884932812,-0.3939497236010585,1.5282861590207013
10.0,201,0.1791044776119403,0.8308457711442786,-1.9715582287885094,-0.3484824870171105,-0.40230343126206386,-0.951319568279363,3528.223880597015,0.3664300753207462,0.26522203675773415,0.26900335772839307,0.3726495976820789,0.0984604035225473,-0.37453889757507663,1.006191009653557
11.0,186,0.1774193548387097,0.8279569892473119,-2.0259539510496247,-0.5305266228916116,-0.331685463087152,-0.9409129870579079,4773.978494623656,0.3526403754121052,0.24158157813416106,0.10848490582136996,0.4817397428828168,0.10999423587986971,-0.3764695442497038,0.9706914977959701
5.0,516,0.19767441860465115,0.8662790697674418,-2.6387148835951075,0.06892887919762619,-1.377110922733679,-0.8122875479743715,1155.9127906976744,0.5355721470360723,-0.024725198756249036,0.6370582032817566,-1.1332262231006731,0.25255250931340545,-0.35326329950285545,0.8641102477826788
4.0,343,0.3236151603498542,0.8134110787172012,-2.0994298871216195,-0.12167459166646981,-0.7399778319171172,-0.7935804356517715,907.9766763848396,0.2832049703651603,0.20964883132366435,0.4689925090794334,-0.14898746367872706,0.2732859944827356,-0.2089728785833658,0.7018266802721904
8.0,200,0.33,0.76,-2.00874306845802,0.3817770089029414,-1.215084770862242,-0.9354304914157098,2579.43,0.02824534600571453,0.2490614523020027,0.9129138204982559,-0.8829293526187584,0.11607060085422798,-0.20165776206224148,0.4789645603699587
6.0,292,0.2705479452054795,0.8424657534246576,-3.121040680302398,-0.22346610597674862,-1.709676446781871,-0.7018866511173638,1687.2671232876712,0.42189846106437123,-0.23434467922579344,0.37923726255162576,-1.6469711274756713,0.37491214014216706,-0.26977203463167926,0.45732581647025705
7.0,205,0.2975609756097561,0.7853658536585366,-2.8310207963742653,-0.043457000748130636,-1.6309432041324152,-0.785656529838385,1790.7121951219513,0.14933012234172147,-0.10830162324604717,0.5379613146154939,-1.5253445628104274,0.28206822558456845,-0.23882318143824868,0.27985168053392295
9.0,158,0.26582278481012656,0.7784810126582279,-3.0867214827104883,-0.3814804790467191,-1.1819531797885956,-1.2146838265567124,3790.6708860759495,0.11646509663221626,-0.21942950691185326,0.23990719063029659,-0.8317479015749769,-0.1934317308144175,-0.27518565514010024,0.17222124486046325
3.0,139,0.7553956834532374,0.5179856115107914,-6.22488830650282,-2.1613946379068283,-0.9779220444107621,-2.7719786673254445,674.956834532374,-1.1270186752565576,-1.5832812928226982,-1.329542239504493,-0.5165620252451804,-1.9194142837895023,0.28571845449985867,-2.9960184225791147
2.0,128,1.4375,0.328125,-7.691393753810313,-3.7298482323989766,-1.0196451212461446,-2.563509078509994,665.953125,-2.0333248453256614,-2.2206266557888648,-2.712535114646868,-0.5810155436318852,-1.6883630636212386,1.067205982536289,-5.321157483650816
0.0,3718,3.6412049488972564,0.185852608929532,-6.584631820238959,-2.839997056096765,-0.4099804467130907,-2.8496285482670016,820.8259817105971,-2.7124670056274085,-1.739626337948745,-1.9279037802646122,0.36079019770350007,-2.0054752763755705,3.591992721541333,-8.044086065117487
