task,model,MAE,RMSE,lambda,cv_mae,logloss,rank_corr,diamond_threshold,controlled_low_diamond_churn_lift,AUC_proxy_rank_corr,base_rate_test,transition_mse,n_transitions
daily_level_gain,scarcity_panel_ridge,0.8257113758477923,1.2870310045247826,10.0,1.005233587362362,,,,,,,,
next_day_inactive,lagged_scarcity_churn_logistic,,,0.001,,0.45647759025072115,0.6234799762410713,300.0,0.12580297662966894,,,,
paid_user_retention_from_first_pay,first_pay_ridge,6.0789318603826175,7.097194606056794,1.0,4.480772292815533,,,,,,,,
paid_probability,logistic_key_factor,,,0.001,,,,,,0.29497669575582686,,,
positive_total_pay,log_amount_ridge,6.56466538838559,16.24229187134415,30.0,0.5232811882215131,,,,,,,,
transition_to_inactive,scarcity_state_transition_logistic,,,0.001,,0.45000851533627273,0.6304629188009735,,,,0.5181498829039812,,
transition_to_converted_or_paid_more,scarcity_state_transition_logistic,,,0.001,,0.04390787836408795,0.15607998190362268,,,,0.0117096018735363,,
transition_to_paid_active,scarcity_state_transition_logistic,,,0.001,,0.06365852032571276,0.5330268600368412,,,,0.11007025761124122,,
transition_to_free_active,scarcity_state_transition_logistic,,,0.001,,0.4195299519133433,0.6168952046531792,,,,0.36007025761124123,,
,resource_growth_payment_coupled_ode,,,0.001,,,,,,,,8.434868998254274,6599.0
