feature,paid_probability_coef,positive_amount_coef
intercept,-5.776591255446034,1.0804965151125443
min_diamond,-0.06668282638159131,0.34905287852141414
avg_diamond,1.0757011218179815,0.16616774668033138
max_vip,0.11089428004759012,0.13230962929962117
avg_scarcity,0.20186463293542875,0.11198541916880392
active_days,-3.7223309877882795,-0.07554494202302307
resource_gap_degree,1.7260039391862516,-0.06242405686730776
avg_power,5.39226955342917,0.052955883381933175
total_basic_reduce,-3.0587942257120595,0.04986645271236506
total_speedup_reduce,-0.8050266414571897,-0.04830375628365366
stagnation_rate,-0.09943242048717185,-0.0472220545230059
avg_level_gain,0.5942344649502864,0.027417261446747124
current_build,0.5295494145018643,0.026603423054293734
total_gem_reduce,-0.04930187433239289,0.025549670327272414
avg_gold,0.1914789515925441,-0.02056621051025402
max_level,0.9944466294608618,0.019803837587630276
league_score,0.1697011555268159,-0.016524652500253745
event_count,-0.7258069011620093,-0.015642740882169492
avg_event_diversity,0.8981741125868244,0.01363996552386152
total_level_gain,-0.31521977707354043,-0.009234141658259185
total_coin_reduce,-0.3026945923294626,0.005143740242135278
league_funds,0.0,1.1391041056276208e-18
