dataset,day,at_risk,churn_events,hazard,km_survival
train,1,2000,1146,0.573,0.42700000000000005
train,2,854,113,0.1323185011709602,0.37050000000000005
train,3,741,50,0.06747638326585695,0.3455000000000001
train,4,691,33,0.04775687409551375,0.32900000000000007
train,5,658,47,0.07142857142857142,0.30550000000000005
train,6,611,27,0.044189852700491,0.29200000000000004
train,7,584,20,0.03424657534246575,0.28200000000000003
train,8,564,9,0.015957446808510637,0.2775
train,9,555,18,0.032432432432432434,0.2685
train,10,537,14,0.0260707635009311,0.2615
train,11,523,19,0.036328871892925434,0.252
train,12,504,19,0.037698412698412696,0.24250000000000002
train,13,485,14,0.0288659793814433,0.23550000000000001
train,14,471,10,0.021231422505307854,0.2305
train,15,461,13,0.028199566160520606,0.22400000000000003
train,16,448,10,0.022321428571428572,0.21900000000000003
train,17,438,12,0.0273972602739726,0.21300000000000002
train,18,426,18,0.04225352112676056,0.20400000000000004
train,19,408,28,0.06862745098039216,0.19000000000000006
train,20,380,7,0.018421052631578946,0.18650000000000005
train,21,373,46,0.12332439678284182,0.16350000000000006
train,22,327,27,0.08256880733944955,0.15000000000000008
train,23,300,26,0.08666666666666667,0.13700000000000007
train,24,274,22,0.08029197080291971,0.12600000000000006
train,25,252,12,0.047619047619047616,0.12000000000000005
train,26,240,60,0.25,0.09000000000000004
train,27,180,40,0.2222222222222222,0.07000000000000003
train,28,140,44,0.3142857142857143,0.04800000000000002
train,29,96,36,0.375,0.030000000000000013
train,30,60,0,0.0,0.030000000000000013
test,1,1000,593,0.593,0.40700000000000003
test,2,407,61,0.14987714987714987,0.34600000000000003
test,3,346,14,0.04046242774566474,0.332
test,4,332,22,0.06626506024096386,0.31
test,5,310,13,0.041935483870967745,0.297
test,6,297,14,0.04713804713804714,0.283
test,7,283,8,0.028268551236749116,0.27499999999999997
test,8,275,10,0.03636363636363636,0.26499999999999996
test,9,265,9,0.033962264150943396,0.25599999999999995
test,10,256,6,0.0234375,0.24999999999999994
test,11,250,11,0.044,0.23899999999999993
test,12,239,9,0.03765690376569038,0.22999999999999993
test,13,230,2,0.008695652173913044,0.22799999999999995
test,14,228,2,0.008771929824561403,0.22599999999999995
test,15,226,7,0.030973451327433628,0.21899999999999994
test,16,219,7,0.0319634703196347,0.21199999999999994
test,17,212,10,0.04716981132075472,0.20199999999999996
test,18,202,5,0.024752475247524754,0.19699999999999995
test,19,197,10,0.050761421319796954,0.18699999999999994
test,20,187,6,0.03208556149732621,0.18099999999999994
test,21,181,13,0.0718232044198895,0.16799999999999993
test,22,168,15,0.08928571428571429,0.15299999999999994
test,23,153,9,0.058823529411764705,0.14399999999999993
test,24,144,12,0.08333333333333333,0.13199999999999992
test,25,132,13,0.09848484848484848,0.11899999999999993
test,26,119,32,0.2689075630252101,0.08699999999999995
test,27,87,23,0.26436781609195403,0.06399999999999996
test,28,64,16,0.25,0.04799999999999997
test,29,48,15,0.3125,0.03299999999999998
test,30,33,0,0.0,0.03299999999999998
