dataset,day,at_risk,churn_events,hazard,km_survival,z_score
test,1,1000,593,0.593,0.40700000000000003,4.015247232916586
test,29,48,15,0.3125,0.03299999999999998,1.7498461730138788
test,26,119,32,0.2689075630252101,0.08699999999999995,1.3977807436861387
test,27,87,23,0.26436781609195403,0.06399999999999996,1.361116403171742
test,28,64,16,0.25,0.04799999999999997,1.2450776659054323
train,1,2000,1146,0.573,0.42700000000000005,3.7755642548332444
train,29,96,36,0.375,0.030000000000000013,2.1997373353165086
train,28,140,44,0.3142857142857143,0.04800000000000002,1.7165292250750852
train,26,240,60,0.25,0.09000000000000004,1.204897108348872
train,27,180,40,0.2222222222222222,0.07000000000000003,0.9838215023560637
