dataset,day,daily_retention,span_survival,active_users,survived_users,n_users
train,1,0.995,0.9985,1990,1997,2000
train,2,0.298,0.427,596,854,2000
train,3,0.2015,0.3705,403,741,2000
train,4,0.162,0.3455,324,691,2000
train,5,0.145,0.329,290,658,2000
train,6,0.1165,0.3055,233,611,2000
train,7,0.0985,0.292,197,584,2000
train,8,0.0825,0.282,165,564,2000
train,9,0.0845,0.2775,169,555,2000
train,10,0.0715,0.2685,143,537,2000
train,11,0.071,0.2615,142,523,2000
train,12,0.0645,0.252,129,504,2000
train,13,0.0715,0.2425,143,485,2000
train,14,0.0585,0.2355,117,471,2000
train,15,0.0565,0.2305,113,461,2000
train,16,0.05,0.224,100,448,2000
train,17,0.0495,0.219,99,438,2000
train,18,0.0495,0.213,99,426,2000
train,19,0.063,0.204,126,408,2000
train,20,0.044,0.19,88,380,2000
train,21,0.065,0.1865,130,373,2000
train,22,0.0485,0.1635,97,327,2000
train,23,0.049,0.15,98,300,2000
train,24,0.0405,0.137,81,274,2000
train,25,0.037,0.126,74,252,2000
train,26,0.062,0.12,124,240,2000
train,27,0.045,0.09,90,180,2000
train,28,0.0385,0.07,77,140,2000
train,29,0.0305,0.048,61,96,2000
train,30,0.03,0.03,60,60,2000
test,1,0.998,0.999,998,999,1000
test,2,0.3,0.407,300,407,1000
test,3,0.194,0.346,194,346,1000
test,4,0.188,0.332,188,332,1000
test,5,0.146,0.31,146,310,1000
test,6,0.129,0.297,129,297,1000
test,7,0.101,0.283,101,283,1000
test,8,0.091,0.275,91,275,1000
test,9,0.097,0.265,97,265,1000
test,10,0.077,0.256,77,256,1000
test,11,0.087,0.25,87,250,1000
test,12,0.07,0.239,70,239,1000
test,13,0.068,0.23,68,230,1000
test,14,0.056,0.228,56,228,1000
test,15,0.058,0.226,58,226,1000
test,16,0.061,0.219,61,219,1000
test,17,0.066,0.212,66,212,1000
test,18,0.048,0.202,48,202,1000
test,19,0.061,0.197,61,197,1000
test,20,0.055,0.187,55,187,1000
test,21,0.061,0.181,61,181,1000
test,22,0.059,0.168,59,168,1000
test,23,0.037,0.153,37,153,1000
test,24,0.048,0.144,48,144,1000
test,25,0.049,0.132,49,132,1000
test,26,0.059,0.119,59,119,1000
test,27,0.048,0.087,48,87,1000
test,28,0.035,0.064,35,64,1000
test,29,0.029,0.048,29,48,1000
test,30,0.033,0.033,33,33,1000
